,link_item,data_product_id_list,data_product_id,name_comment,content_comment,product_variant,datetime_comment,rating
0,https://hasaki.vn/san-pham/sua-rua-mat-neutrogena-ngan-ngua-mun-dau-den-100g-90075.html,[''],90075,Quỳnh Giang,"mình thấy do có các hạt scub nên sẽ gây tổn thương ít nhiều cho da, là một ng đã mua và dùng thì mình thấy thực sự là giảm MĐĐ thiệt nmà da nhạy cảm thì ko nên dùng đâu nhé, mình ko bị kích ứng nhưng da cứ khô ráp sần sùi ấy",Sữa Rửa Mặt Neutrogena Ngăn Ngừa Mụn Đầu Đen 100g Đã mua hàng online,22: 09 | 26/02/2023,3.0
1,https://hasaki.vn/san-pham/sua-rua-mat-neutrogena-ngan-ngua-mun-dau-den-100g-90075.html,[''],90075,xuyên,"Da mình da dầu hỗn hợp, lỗ chân lông to dùng em này rất thích, hiện tại mình dùng kết hợp với Kem Olay chống lão hóa da không còn mụn đầu đen nữa,lỗ chân lông nhìn mờ hơn, thời gian tẩy tế bào chết cũng thưa ra. Còn chai bên cạnh mình dùng qua rồi cũng ok lắm, làm sạch nhẹ nhàng, da dễ chịu sau dùng.",Sữa Rửa Mặt Neutrogena Ngăn Ngừa Mụn Đầu Đen 100g Đã mua hàng online,13: 09 | 12/06/2022,5.0
2,https://hasaki.vn/san-pham/sua-rua-mat-neutrogena-ngan-ngua-mun-dau-den-100g-90075.html,[''],90075,quỳnh nguyễn,mình thấy em này phù hợp với mình vì da mình không dầu lắm và có mụn đầu đen ở mũi thôi nên dầu chỉ ở mũi là nhiều. Mỗi lần dùng em này xong là thấy sạch mụn đầu đen ở mũi và dễ nặn mụn đầu đen cứng đầu ra! nên ai có mụn đầu đen dùng thử nhé đảm bảo thích vì mùi hương dịu nhẹ và không quá nhiều bọt,Sữa Rửa Mặt Neutrogena Ngăn Ngừa Mụn Đầu Đen 100g Đã mua hàng online,15: 09 | 17/07/2021,5.0
3,https://hasaki.vn/san-pham/sua-rua-mat-neutrogena-ngan-ngua-mun-dau-den-100g-90075.html,[''],90075,đoàn thị trúc,"sữa rữa mặt mềm mại, sạch, không bị hiện tượng khô căng sau khi rữa mặt",Sữa Rửa Mặt Neutrogena Ngăn Ngừa Mụn Đầu Đen 100g Đã mua hàng online,19: 22 | 08/06/2021,5.0
4,https://hasaki.vn/san-pham/lotion-cham-mun-bye-bye-blemish-cho-mun-trang-sung-do-30ml-111061.html,"['111059', '111063', '111061', '1734']",111061,Quyên Mino,thấy qc chấm mụn cho mụn đầu đen với sợi bã nhờn cũng lạ nên xài thử. đã chấm 2 ngày thấy trồi nhân lên nhiều rồi nặn sạch sẽ. khá ok có điều chấm dày bột hơi khó rửa,"Lotion Chấm Mụn Bye Bye Blemish Cho Mụn Trắng, Sưng Đỏ 30ml Đã mua hàng online",12: 55 | 05/02/2024,5.0
5,https://hasaki.vn/san-pham/lotion-cham-mun-bye-bye-blemish-cho-mun-trang-sung-do-30ml-111061.html,"['111059', '111063', '111061', '1734']",111061,Ngọc Mỹ,Khá,Lotion Chấm Mụn Bye Bye Blemish Dành Cho Mụn Sưng Viêm 30ml Đã mua hàng online,23: 41 | 12/01/2024,3.0
6,https://hasaki.vn/san-pham/lotion-cham-mun-bye-bye-blemish-cho-mun-trang-sung-do-30ml-111061.html,"['111059', '111063', '111061', '1734']",111061,Mai Tuyết,"Da mình là loại cực nhạy cảm nên ít dám skincare, trvia chỉ hay nổi mụn đầu trắng, xài cái này thấy nhanh rụng cồi hơn. Có mùi cồn nhẹ ban đầu nhưng chấm lên xí là bay hơi hết nên cũng k đáng kể","Lotion Chấm Mụn Bye Bye Blemish Cho Mụn Trắng, Nhạy Cảm 30ml",12: 32 | 04/12/2023,5.0
7,https://hasaki.vn/san-pham/lotion-cham-mun-bye-bye-blemish-cho-mun-trang-sung-do-30ml-111061.html,"['111059', '111063', '111061', '1734']",111061,Lê Thị Thu Thảo,"mình mua lọ xanh với vàng, cảm nhận sau 2 tuần sử dụng thì mình thấy mờ thâm rất ok, còn các vết mụn viêm thì không tác dụng gì",Lotion Chấm Mụn Bye Bye Blemish Cho Da Mụn Thâm 30ml Đã mua hàng online,09: 02 | 24/10/2023,5.0
8,https://hasaki.vn/san-pham/lotion-cham-mun-bye-bye-blemish-cho-mun-trang-sung-do-30ml-111061.html,"['111059', '111063', '111061', '1734']",111061,Tài Đinh,Hay bị mụn viêm từ khi xài chấm mụn này thì đỡ hẳn. rcm cho ai da hay lên mụn viêm,Lotion Chấm Mụn Bye Bye Blemish Dành Cho Mụn Sưng Viêm 30ml,09: 41 | 06/10/2023,5.0
9,https://hasaki.vn/san-pham/lotion-cham-mun-bye-bye-blemish-cho-mun-trang-sung-do-30ml-111061.html,"['111059', '111063', '111061', '1734']",111061,Nguyễn Kim Tuyển,"Da mình ít mụn nhma hễ mụn là thâm, dùng thử e này khá oke nha. Cũng phải khoảng 2-3 hôm mới bong mài giảm thâm, cơ mà v là oke r. Rcm mn nha! Mình đang me thêm e serum của hãng này, ai dùng r xin review nha",Lotion Chấm Mụn Bye Bye Blemish Cho Da Mụn Thâm 30ml Đã mua hàng online,15: 47 | 05/10/2023,5.0
10,https://hasaki.vn/san-pham/lotion-cham-mun-bye-bye-blemish-cho-mun-trang-sung-do-30ml-111061.html,"['111059', '111063', '111061', '1734']",111061,Nhật Hào,T thuộc da siêu nhạy cảm dùng màu hồng thấy ổn. 2 - 3 hôm là xẹp mất,"Lotion Chấm Mụn Bye Bye Blemish Cho Mụn Trắng, Nhạy Cảm 30ml",15: 37 | 05/10/2023,5.0
11,https://hasaki.vn/san-pham/lotion-cham-mun-bye-bye-blemish-cho-mun-trang-sung-do-30ml-111061.html,"['111059', '111063', '111061', '1734']",111061,Bảo Dương,"Mình da dầu nhiều, xài serum này thấy đủ ẩm ko phải bôi thêm kem đỡ bí. Hiệu quả thì phải dùng lâu mới biết",Lotion Chấm Mụn Bye Bye Blemish Dành Cho Mụn Sưng Viêm 30ml,15: 28 | 05/10/2023,5.0
12,https://hasaki.vn/san-pham/lotion-cham-mun-bye-bye-blemish-cho-mun-trang-sung-do-30ml-111061.html,"['111059', '111063', '111061', '1734']",111061,Quyên,Đỉnh thật sự mn ơi huhu. này là hình mình chấm qua 1 đêm nè,"Lotion Chấm Mụn Bye Bye Blemish Cho Mụn Trắng, Nhạy Cảm 30ml",11: 39 | 05/10/2023,5.0
13,https://hasaki.vn/san-pham/lotion-cham-mun-bye-bye-blemish-cho-mun-trang-sung-do-30ml-111061.html,"['111059', '111063', '111061', '1734']",111061,Song Vân,"Rất hợp với da mình, sử dụng có rất có hiệu quả, mình hài lòng với sản phẩm, mong hasaki nhập nhiều hơn",Lotion Làm Giảm Mụn - 29.5ml,22: 57 | 23/02/2018,5.0
14,https://hasaki.vn/san-pham/kem-duong-emmie-lam-sang-cho-da-mat-co-the-250ml-97349.html,"['97351', '97349', '92985']",97349,vandai chau,"Ưu điểm: Mình thấy giá khá là rẻ, bảng thành phần khá là Oke, cấp ẩm tốt cho da Mình dùng gần hết chai thì thấy da đều màu hơn xíu Khuyết điểm: thấm hơi lâu nên chị em cần tẩy tế bào chết cho da để có thể hấp thu kem nhanh hơn nhé, size hơi bé với mình nên mong hãng cho ra phiên bản lớn hơn.",Kem Dưỡng Emmié Làm Sáng Cho Da Mặt & Cơ Thể 150g Đã mua hàng online,23: 14 | 11/10/2021,5.0
15,https://hasaki.vn/san-pham/kem-duong-emmie-lam-sang-cho-da-mat-co-the-250ml-97349.html,"['97351', '97349', '92985']",97349,THÚY HIỀN,"Chân ái của cuộc đời đây rồi, đúng là 1 sp mình đang tìm kiếm với tiêu chí an toàn-mỏng nhẹ-dưỡng trắng-thơm. Mình theo dõi happy skin rất lâu nên khá tin tưởng về thành phần sản phẩm. Thoa lên mền mịn, mùi thơm dịu nhẹ, trắng thì đợi thời gian nữa review sau",Kem Dưỡng Emmié Làm Sáng Cho Da Mặt & Cơ Thể 150g Đã mua hàng online,20: 11 | 02/05/2021,5.0
16,https://hasaki.vn/san-pham/kem-duong-emmie-lam-sang-cho-da-mat-co-the-250ml-97349.html,"['97351', '97349', '92985']",97349,Trần Kim Hương,hơi bết rít da thấm lâu làm trắng thì để dùng một thời gian mới bt dc,Kem Dưỡng Emmié Làm Sáng Cho Da Mặt & Cơ Thể 150g Đã mua hàng online,20: 36 | 06/04/2021,4.0
17,https://hasaki.vn/san-pham/kem-duong-emmie-lam-sang-cho-da-mat-co-the-250ml-97349.html,"['97351', '97349', '92985']",97349,Ngô Ngọc,"Mình mới sử dụng 2 ngày nên kg biết hiệu quả làm trắng như thế nào. Tuy nhiên, khi bôi lên da mình cảm giác rất bí và rít da, khá khó chịu, cả đêm đến sáng vẫn vậy. Nhưng kỳ vọng vào hiệu quả trắng da của sản phẩm nên mình vẫn ráng chịu đựng >""<. Mong sp sẽ kg làm mình thất vọng.",Kem Dưỡng Emmié Làm Sáng Cho Da Mặt & Cơ Thể 150g Đã mua hàng online,09: 19 | 26/02/2021,4.0
18,https://hasaki.vn/san-pham/nuoc-hoa-hong-evoluderm-danh-cho-da-kho-va-nhay-cam-500ml-14949.html,"['66066', '1343', '14949', '66058']",14949,Vi Nguyễn,"Da mình da hỗn hợp thiên dầu, Thoa lên mát mát the the, cảm giác da mặt được thanh lọc, hơi có mùi hương liệu do mình ko thích sd sp có hương liệu, nhưng xài lâu chắc sẽ quen.",Nước Hoa Hồng Evoluderm Cho Da Hỗn Hợp Và Dầu Mụn 250ml Đã mua hàng online,22: 58 | 21/05/2023,5.0
19,https://hasaki.vn/san-pham/nuoc-hoa-hong-evoluderm-danh-cho-da-kho-va-nhay-cam-500ml-14949.html,"['66066', '1343', '14949', '66058']",14949,Nguyễn thị ngọc ánh,"Mình thấy sp có mùi thơm, khá tươi mát và cảm giác mướt da, nhưng tác dụng thì ko rõ rệt lắm! Nc là dùng khá ok",Nước Hoa Hồng Evoluderm Cho Da Hỗn Hợp Và Dầu Mụn 250ml Đã mua hàng online,12: 53 | 20/07/2022,4.0
20,https://hasaki.vn/san-pham/nuoc-hoa-hong-evoluderm-danh-cho-da-kho-va-nhay-cam-500ml-14949.html,"['66066', '1343', '14949', '66058']",14949,Thu Hằng,"Cảm giác hơi râm ran khi mới dùng ,dưỡng ẩm tốt, chai to mà rẻ nên dùng lâu hết :))",Nước Hoa Hồng Evoluderm Cho Da Hỗn Hợp Và Dầu Mụn 250ml Đã mua hàng online,21: 30 | 10/03/2022,4.0
21,https://hasaki.vn/san-pham/nuoc-hoa-hong-evoluderm-danh-cho-da-kho-va-nhay-cam-500ml-14949.html,"['66066', '1343', '14949', '66058']",14949,Thuy Phuong,Nuoc hh loai này rất tốt cho da nhay cảm .Sau khi sd thì da mềm mại và muot mà,Nước Hoa Hồng Evoluderm Dành Cho Da Khô Và Nhạy Cảm 500ml Đã mua hàng online,22: 07 | 24/11/2021,5.0
22,https://hasaki.vn/san-pham/nuoc-hoa-hong-evoluderm-danh-cho-da-kho-va-nhay-cam-500ml-14949.html,"['66066', '1343', '14949', '66058']",14949,Na Le,"Đã dùng nhiều lần, hương thơm nhẹ, dùng xong da rất sạch và căng bóng, khít lỗ chân lông",Nước Hoa Hồng Evoluderm Dành Cho Da Khô Và Nhạy Cảm 250ml Đã mua hàng online,09: 14 | 18/02/2021,5.0
23,https://hasaki.vn/san-pham/nuoc-hoa-hong-evoluderm-danh-cho-da-kho-va-nhay-cam-500ml-14949.html,"['66066', '1343', '14949', '66058']",14949,Ngoc Nguyen,"Xai thay nong da , k biet vi sao ?",Nước Hoa Hồng Evoluderm Dành Cho Da Hỗn Hợp Và Dầu Mụn 250ml Đã mua hàng online,09: 14 | 13/06/2020,4.0
24,https://hasaki.vn/san-pham/nuoc-hoa-hong-evoluderm-danh-cho-da-kho-va-nhay-cam-500ml-14949.html,"['66066', '1343', '14949', '66058']",14949,Mạnh Nguyễn,check lại chính tả nghe shop,Nước Hoa Hồng Evoluderm Cho Da Hỗn Hợp 250ml Đã mua hàng online,13: 35 | 26/04/2020,5.0
25,https://hasaki.vn/san-pham/nuoc-hoa-hong-evoluderm-danh-cho-da-kho-va-nhay-cam-500ml-14949.html,"['66066', '1343', '14949', '66058']",14949,Mạnh Nguyễn,,Nước Hoa Hồng Evoluderm Giữ Ẩm Không Cồn 250ml Đã mua hàng online,13: 33 | 26/04/2020,5.0
26,https://hasaki.vn/san-pham/nuoc-hoa-hong-evoluderm-danh-cho-da-kho-va-nhay-cam-500ml-14949.html,"['66066', '1343', '14949', '66058']",14949,Nguyễn Thị Minh An,,Nước Hoa Hồng Evoluderm Cho Da Thường 250ml Đã mua hàng online,14: 21 | 08/06/2019,5.0
27,https://hasaki.vn/san-pham/nuoc-hoa-hong-evoluderm-danh-cho-da-kho-va-nhay-cam-500ml-14949.html,"['66066', '1343', '14949', '66058']",14949,Nguyễn Phú Quí,"Da mình khá nhờn, dễ bị mụn. Mình thấy sản phẩm này nhẹ nhàng, dễ sử dụng. Sẽ mua tiếp lần sau.",Nước Hoa Hồng Evoluderm Giữ Ẩm Không Cồn 250ml Đã mua hàng online,08: 20 | 08/02/2019,5.0
28,https://hasaki.vn/san-pham/dung-dich-hada-labo-duong-sang-da-toi-uu-40ml-107824.html,"['107824', '106621']",107824,Trần Thị Cẩm Như,"đóng gói cẩn thận,mới dùng có 4 lần mà da mịn hơn chút","Dung Dịch Hada Labo Dưỡng Sáng Da, Giảm Thâm Sạm 170ml Đã mua hàng online",12: 08 | 19/02/2024,5.0
29,https://hasaki.vn/san-pham/dung-dich-hada-labo-duong-sang-da-toi-uu-40ml-107824.html,"['107824', '106621']",107824,Thao Phuong,"mình được tặng kèm lúc mua KCN, ban đầu nghĩ chất nước lỏng thế này thôi bôi cấp ẩm tạm cũng được, khả năng dưỡng ẩm ko cao bằng loại màu trắng nhưng thật sự dùng hết 1 chai mini da trắng lên 1 tông. Da mình tông vàng tối khó lên tông nên mình cũng khá bất ngờ và dính ẻm từ 2022 tới giờ","Dung Dịch Hada Labo Dưỡng Sáng Da, Giảm Thâm Sạm 40ml Đã mua hàng online",15: 34 | 12/01/2024,5.0
30,https://hasaki.vn/san-pham/dung-dich-hada-labo-duong-sang-da-toi-uu-40ml-107824.html,"['107824', '106621']",107824,C QUẾ,"Rất thích luôn. Mỏng nhẹ, cấp ẩm cũng ok. Khả năng cấp ẩm không bằng em màu trắng, còn khả năng làm sáng chưa thấy rõ rệt nhưng cảm thấy da khỏe hơn, không lên mụn nhờ thành phần Tranexamic Acid có khả năng kháng mụn, trị thâm luôn","Dung Dịch Hada Labo Dưỡng Sáng Da, Giảm Thâm Sạm 170ml Đã mua hàng online",11: 53 | 15/06/2023,5.0
31,https://hasaki.vn/san-pham/gel-tay-te-bao-chet-arrahan-chiet-xuat-thao-moc-180ml-90267.html,"['90259', '90267', '90265', '90261', '90263']",90267,Dương Thị Diệu Hiền,"hồi mới mua không hi vọng gì nhiều vào em này lắm nhưng mà dùng bị mê luôn, tẩy da chết xong cảm giác da fresh hơn, thông thoáng hơn nên các bước skincare sau đó cảm giác thấm vô da tốt hơn nhiều luôn",Gel Tẩy Tế Bào Chết Arrahan Than Hoạt Tính 180ml Đã mua hàng online,10: 00 | 30/03/2024,5.0
32,https://hasaki.vn/san-pham/gel-tay-te-bao-chet-arrahan-chiet-xuat-thao-moc-180ml-90267.html,"['90259', '90267', '90265', '90261', '90263']",90267,TIẾN ĐẠT,,Gel Tẩy Tế Bào Chết Arrahan Than Hoạt Tính 180ml Đã mua hàng online,15: 26 | 30/07/2023,4.0
33,https://hasaki.vn/san-pham/gel-tay-te-bao-chet-arrahan-chiet-xuat-thao-moc-180ml-90267.html,"['90259', '90267', '90265', '90261', '90263']",90267,Đỗ Ngọc Trúc Vy,Mình thấy sản phẩm này có mùi hơi nồng chất em này đặc có màu trắng khi xài thì mình không thấy đâu rát gì cả với lại da mình sài xong k bị kích ứng cả nhà mình dùng thấy em này ok lắm không kích ứng nên mọi người cứ an tâm mà sài nha lúc đầu mình định mua thử nhưng ai ngờ nó lại ok vậy mình mua mấy tip luôn rồi á,Gel Tẩy Tế Bào Chết Arrahan Hương Aroma 180ml Đã mua hàng online,11: 10 | 01/02/2023,5.0
34,https://hasaki.vn/san-pham/gel-tay-te-bao-chet-arrahan-chiet-xuat-thao-moc-180ml-90267.html,"['90259', '90267', '90265', '90261', '90263']",90267,Two-HandPianist,"tẩy tốt, nhưng tẩy xong da hơi có cảm giác như sáp ấy.",Gel Tẩy Tế Bào Chết Arrahan Hương Táo 180ml Đã mua hàng online,21: 22 | 09/02/2022,3.0
35,https://hasaki.vn/san-pham/gel-tay-te-bao-chet-arrahan-chiet-xuat-thao-moc-180ml-90267.html,"['90259', '90267', '90265', '90261', '90263']",90267,Tăng Thị Mỹ Hằng,Sạch da,Gel Tẩy Tế Bào Chết Arrahan Hương Táo 180ml Đã mua hàng online,21: 06 | 03/02/2021,5.0
36,https://hasaki.vn/san-pham/gel-tay-te-bao-chet-arrahan-chiet-xuat-thao-moc-180ml-90267.html,"['90259', '90267', '90265', '90261', '90263']",90267,Thục Nhii,,Gel Tẩy Tế Bào Chết Arrahan Than Hoạt Tính 180ml Đã mua hàng online,19: 10 | 23/01/2021,5.0
37,https://hasaki.vn/san-pham/mat-na-banobagi-bo-sung-vitamin-c-lam-sang-da-30ml-bac-99949.html,"['104325', '104329', '99949', '104327', '99951', '104331', '101455', '101451', '104343', '104345', '104347', '99947', '101253', '101453', '104349']",99949,Lương Thị Tím,mặt nạ có nhiều dưỡng chất đắp lên mặt rất mát thích lắm,"Mặt Nạ Banobagi Bổ Sung Collagen, Mờ Nám 30ml (Vàng) Đã mua hàng online",18: 06 | 27/02/2023,5.0
38,https://hasaki.vn/san-pham/mat-na-banobagi-bo-sung-vitamin-c-lam-sang-da-30ml-bac-99949.html,"['104325', '104329', '99949', '104327', '99951', '104331', '101455', '101451', '104343', '104345', '104347', '99947', '101253', '101453', '104349']",99949,Hạ phạm,"Mặt nạ nhiều tính chất , dùng thích ,","Combo Mặt Nạ Banobagi Bổ Sung Collagen, Mờ Nám 30gx10 Đã mua hàng online",10: 20 | 29/11/2022,4.0
39,https://hasaki.vn/san-pham/mat-na-banobagi-bo-sung-vitamin-c-lam-sang-da-30ml-bac-99949.html,"['104325', '104329', '99949', '104327', '99951', '104331', '101455', '101451', '104343', '104345', '104347', '99947', '101253', '101453', '104349']",99949,Yến Huỳnh,"mặt nạ mà nhiều tinh chất như này thì là lần đầu mình thấy á mn, tinh chất nhiều khủnggg khiếppp, dưỡng ẩm rất tốt mà vẫn thoáng mặt, có giảm dầu rõ rệt luôn nha, sd thường xuyên thì da có thật sự ít lên mụn hơn và mịn hơn rất nhiều á, hài lòng cựcc",Mặt Nạ Banobagi Tràm Trà Giảm Mụn Đầu Đen 30ml (Xanh) Đã mua hàng online,22: 08 | 09/10/2022,5.0
40,https://hasaki.vn/san-pham/mat-na-banobagi-bo-sung-vitamin-c-lam-sang-da-30ml-bac-99949.html,"['104325', '104329', '99949', '104327', '99951', '104331', '101455', '101451', '104343', '104345', '104347', '99947', '101253', '101453', '104349']",99949,Nguyễn Yến Nhi,"Mặt nạ có nhiều dưỡng chất. Thiết kế ôm sát mặt và không quá mỏng. Mùi nhẹ nhàng, không hề nồng. Đắp xong cảm giác da mặt mịn màng, có độ ẩm, sáng da. Mang lại cảm giác thoải mái, dễ chịu.",Mặt Nạ Banobagi Tràm Trà Giảm Mụn Đầu Đen 30ml (Xanh) Đã mua hàng online,15: 39 | 10/05/2022,5.0
41,https://hasaki.vn/san-pham/mat-na-tinh-chat-garnier-nuoc-bien-sau-cap-am-ban-dem-28g-96645.html,"['96655', '96643', '96657', '96645', '96651', '96653', '96647', '96649', '96641', '96639']",96645,Đỗ Thị Nhung,Dùng rất ok. Da mềm sáng da. Giá thì hơi cao so với tài chính của mìn,Mặt Nạ Garnier Tinh Chất Yuzu Làm Sáng Da & Mờ Thâm 28g Đã mua hàng online,07: 04 | 20/11/2023,5.0
42,https://hasaki.vn/san-pham/mat-na-tinh-chat-garnier-nuoc-bien-sau-cap-am-ban-dem-28g-96645.html,"['96655', '96643', '96657', '96645', '96651', '96653', '96647', '96649', '96641', '96639']",96645,Nguyễn Thị Hồng Lan,"mặt nạ ổn áp nha, đắp xong da rất mềm",Mặt Nạ Garnier Tinh Chất Yuzu Làm Sáng Da & Mờ Thâm 28g Đã mua hàng online,20: 44 | 28/09/2023,5.0
43,https://hasaki.vn/san-pham/mat-na-tinh-chat-garnier-nuoc-bien-sau-cap-am-ban-dem-28g-96645.html,"['96655', '96643', '96657', '96645', '96651', '96653', '96647', '96649', '96641', '96639']",96645,Nguyễn giang trúc,"thấp hết vào da, ko când lau lại, nhưng cảm giác dưỡng chất chưa đủ",Mặt Nạ Garnier Nước Biển Sâu Cấp Ẩm Ban Đêm 28g Đã mua hàng online,23: 04 | 17/07/2023,4.0
44,https://hasaki.vn/san-pham/mat-na-tinh-chat-garnier-nuoc-bien-sau-cap-am-ban-dem-28g-96645.html,"['96655', '96643', '96657', '96645', '96651', '96653', '96647', '96649', '96641', '96639']",96645,Nguyễn Yến Nhi,"Mặt nạ ôm sát khuôn mặt, nhiều dưỡng chất, đắp xong da trắng mịn, cấp ẩm tốt. Mặt nạ thơm và khi để tủ lạnh mát mát đắp cực kì thư giãn.","Mặt Nạ Garnier Rong Biển, Than Tre Se Lỗ Chân Lông 28g Đã mua hàng online",23: 07 | 22/05/2023,5.0
45,https://hasaki.vn/san-pham/mat-na-tinh-chat-garnier-nuoc-bien-sau-cap-am-ban-dem-28g-96645.html,"['96655', '96643', '96657', '96645', '96651', '96653', '96647', '96649', '96641', '96639']",96645,Nguyễn Tuyền,"đắp oki, mới đắp có cảm giác mát mát","Mặt Nạ Garnier Hoa Anh Đào Dưỡng Sáng, Mờ Thâm 28g Đã mua hàng online",21: 59 | 14/02/2022,4.0
46,https://hasaki.vn/san-pham/mat-na-tinh-chat-garnier-nuoc-bien-sau-cap-am-ban-dem-28g-96645.html,"['96655', '96643', '96657', '96645', '96651', '96653', '96647', '96649', '96641', '96639']",96645,Chảo phin,"dùng nhiều lần r, thấy ok. chất lượng tương ứng giá tiền, đắp 1 lần trắng lên đc mấy ngày luôn ai cũng khen.",Mặt Nạ Tinh Chất Garnier Trà Xanh Kiểm Soát Dầu 28g Đã mua hàng online,12: 58 | 23/01/2022,5.0
47,https://hasaki.vn/san-pham/nuoc-hoa-hong-bioderma-danh-cho-da-nhay-cam-100ml-20010.html,"['20010', '20019']",20010,Xuân Cường,Làm dịu da tốt. Đã mua lại nhiều lần,Nước Hoa Hồng Bioderma Dành Cho Da Nhạy Cảm 250ml Đã mua hàng online,20: 29 | 19/02/2024,5.0
48,https://hasaki.vn/san-pham/nuoc-hoa-hong-bioderma-danh-cho-da-nhay-cam-100ml-20010.html,"['20010', '20019']",20010,An Phuong,"Nước hoa hồng này rất dịu nhẹ, ko có mùi, dễ chịu, độ ẩm nhẹ.",Nước Hoa Hồng Bioderma Dành Cho Da Nhạy Cảm 250ml Đã mua hàng online,12: 24 | 20/01/2021,5.0
49,https://hasaki.vn/san-pham/nuoc-hoa-hong-bioderma-danh-cho-da-nhay-cam-100ml-20010.html,"['20010', '20019']",20010,Thi Nguyễn,"rất tốt, dưỡng ẩm da, rất dễ chịu cho da nhạy cảm",Nước Hoa Hồng Bioderma Dành Cho Da Nhạy Cảm 250ml Đã mua hàng online,12: 21 | 15/03/2019,5.0
50,https://hasaki.vn/san-pham/nuoc-hoa-hong-bioderma-danh-cho-da-nhay-cam-100ml-20010.html,"['20010', '20019']",20010,Trần Kim Tuyên,"Sản phẩm khá tốt, làm mền da, thoa lên da mặt vẫn có 1 lớp bóng, hơi rít, nhưng không làm dịu các đốm mụn",Nước Hoa Hồng Bioderma Dành Cho Da Nhạy Cảm 100ml Đã mua hàng online,14: 11 | 03/11/2018,3.0
51,https://hasaki.vn/san-pham/mat-na-senka-cap-am-duong-sang-da-25ml-61999.html,"['61999', '78780', '61168', '61174', '78822', '62005']",61999,Thảo Thy Lê Trần,Vipp lắm lun mình tình cờ tham khảo đc dòng này. Da mình peel bong da rát đau đớn. Đắp cái này sang đêm da phục hồi nhìu lắm,Mặt Nạ Senka Siêu Cấp Ẩm Cho Da Khô 25ml Đã mua hàng online,07: 56 | 13/03/2024,5.0
52,https://hasaki.vn/san-pham/mat-na-senka-cap-am-duong-sang-da-25ml-61999.html,"['61999', '78780', '61168', '61174', '78822', '62005']",61999,Tran van giap,"Dùng mặt nạ extra white của senka rồi, thấy khá tốt. Còn soothing thì chưa dùng. Thấy review cũng rất ok","Mặt Nạ Senka Dưỡng Sáng, Làm Dịu Da 25ml",19: 57 | 17/12/2023,5.0
53,https://hasaki.vn/san-pham/mat-na-senka-cap-am-duong-sang-da-25ml-61999.html,"['61999', '78780', '61168', '61174', '78822', '62005']",61999,Đỗ Thị Thanh Hoa,"Mặt nạ đắp xong da bật tông liền,sáng hsau ngủ dậy da căng bóng như gương soi luôn, ai da sạm, nám ,sần sùi ,thô dáp thì đừng bỏ qua em này chân ái luôn","Mặt Nạ Senka Cấp Ẩm, Dưỡng Sáng Và Đàn Hồi 25ml Đã mua hàng online",14: 31 | 30/10/2023,5.0
54,https://hasaki.vn/san-pham/mat-na-senka-cap-am-duong-sang-da-25ml-61999.html,"['61999', '78780', '61168', '61174', '78822', '62005']",61999,Kim Duyên,"Mặt Nạ SENKA Dưỡng Sáng, Làm Dịu Da 25ml , hàng rất ok tốt, giá hợp lý",Đã mua hàng online,12: 45 | 07/07/2020,5.0
55,https://hasaki.vn/san-pham/nuoc-tay-trang-3-trong-1-eucerin-cap-am-cho-da-200ml-88433.html,"['88433', '93949']",88433,Duyên Ngô,"Tẩy trang sạch , k gây khô da",Nước Tẩy Trang Eucerin Dịu Nhẹ Cho Da Nhạy Cảm 400ml Đã mua hàng online,15: 19 | 16/01/2024,5.0
56,https://hasaki.vn/san-pham/nuoc-tay-trang-3-trong-1-eucerin-cap-am-cho-da-200ml-88433.html,"['88433', '93949']",88433,Huỳnh Chanel,"Sản phẩm có khả năng làm sạch tốt. Lớp trang điểm trên da, mắt và môi nhanh chóng bị loại bỏ. Chỉ cần lau qua bằng một miếng bông tẩy trang là toàn bộ bụi bẩn, dầu thừa và lớp make-up đã được lấy đi. Vì thế, dùng cực kỳ tiết kiệm. Thêm nữa, em này cũng phù hợp cho da đang bị kích ứng. Bởi sản phẩm không chỉ làm sạch da mà còn làm dịu, giúp giảm tình trạng ngứa ngáy, khó chịu.",Nước Tẩy Trang Eucerin Dịu Nhẹ Cho Da Nhạy Cảm 400ml Đã mua hàng online,13: 48 | 17/07/2022,5.0
57,https://hasaki.vn/san-pham/gel-duong-sang-da-sunplay-chong-nang-spf50-pa-30g-12100.html,"['12100', '12079']",12100,Thảo Vy,"Mình da nhạy cảm và khô, xài em này rất hợp luôn. Chất gel lúc apply lên da thoáng, ko bị bí, khô nhanh. Kết hợp với lotion của hada labo đc tặng kèm là xức xắc ❤",Gel Chống Nắng Sunplay Dưỡng Da Sáng Mịn 70g Đã mua hàng online,11: 29 | 21/07/2023,5.0
58,https://hasaki.vn/san-pham/gel-duong-sang-da-sunplay-chong-nang-spf50-pa-30g-12100.html,"['12100', '12079']",12100,Vũ Hoàng Mỹ Anh,Cíu với mng ơi sao mình cảm giác em chống nắng này cấp ẩm còn hơn cái serum của mình v tr,Gel Chống Nắng Sunplay Dưỡng Da Sáng Mịn 70g Đã mua hàng online,16: 25 | 19/07/2023,4.0
59,https://hasaki.vn/san-pham/gel-duong-sang-da-sunplay-chong-nang-spf50-pa-30g-12100.html,"['12100', '12079']",12100,Vũ Thị Minh Châu,"Mình dùng thì thấy da trông bị đổ dầu, rất bóng trên mặt, nhìn rất rõ; và cũng k nâng tone. Sp có vẻ k hợp với bạn nào da ngăm hay da dầu như mình. Chai màu trắng có vẻ kiềm dầu, nâng tone nhẹ, tốt hơn chai hồng.",Gel Chống Nắng Sunplay Dưỡng Da Sáng Mịn 70g Đã mua hàng online,23: 13 | 26/06/2023,3.0
60,https://hasaki.vn/san-pham/gel-duong-sang-da-sunplay-chong-nang-spf50-pa-30g-12100.html,"['12100', '12079']",12100,Đỗ Ngọc Trúc Vy,Mình thâ em này mùi thơm rất dễ chịu mình da khô sài rất ok khi sài trên da rất mỏng nhẹ không nặng mặt 3-4 tiếng mình thoa kem chống nắng lại một lần sau gần 1 tháng xử dụng thì mình thấy nó rất ok nha nên mua nếu bạn da thường hoặc khô thui nhoa,Gel Chống Nắng Sunplay Dưỡng Da Sáng Mịn 70g Đã mua hàng online,11: 16 | 01/02/2023,5.0
61,https://hasaki.vn/san-pham/gel-duong-sang-da-sunplay-chong-nang-spf50-pa-30g-12100.html,"['12100', '12079']",12100,Mai Trần,,Gel Chống Nắng Sunplay Skin Aqua Dưỡng Da Sáng Mịn 30g Đã mua hàng online,13: 51 | 04/12/2021,5.0
62,https://hasaki.vn/san-pham/gel-duong-sang-da-sunplay-chong-nang-spf50-pa-30g-12100.html,"['12100', '12079']",12100,Kim Châu,"mướt, thơm, có tặng lọ lotion mini xài mướt lắm",Gel Chống Nắng Sunplay Skin Aqua Dưỡng Da Sáng Mịn 30g Đã mua hàng online,17: 09 | 12/05/2021,5.0
63,https://hasaki.vn/san-pham/gel-duong-sang-da-sunplay-chong-nang-spf50-pa-30g-12100.html,"['12100', '12079']",12100,MINH,"sp có vẻ như không phù hợp với da dầu, da hỗn hợp",Gel Dưỡng Sáng Da Sunplay Chống Nắng SPF50 PA++++ 70g Đã mua hàng online,12: 55 | 25/10/2019,4.0
64,https://hasaki.vn/san-pham/gel-duong-sang-da-sunplay-chong-nang-spf50-pa-30g-12100.html,"['12100', '12079']",12100,Nguyễn Thuý Thanh,,Gel Dưỡng Sáng Da Sunplay Chống Nắng SPF50 PA++++ 70g (Kèm Quà Tặng) Đã mua hàng online,11: 47 | 03/06/2019,5.0
65,https://hasaki.vn/san-pham/gel-duong-sang-da-sunplay-chong-nang-spf50-pa-30g-12100.html,"['12100', '12079']",12100,Trần Phương Uyên,,Gel Dưỡng Sáng Da Sunplay Chống Nắng SPF50 PA++++ 30g (Kèm Quà Tặng) Đã mua hàng online,12: 21 | 30/05/2019,5.0
66,https://hasaki.vn/san-pham/combo-02-xit-khoang-la-roche-posay-lam-diu-va-bao-ve-da-50g-86309.html,"['995', '86309', '1001', '987', '118964']",86309,Linh Vo,"Mua được giá sale 139 cành -3 chai free ship, tuyệt vời, xịt khoáng mát lạnh",Combo 3 Xịt Khoáng La Roche-Posay Làm Dịu Và Bảo Vệ Da 50g Đã mua hàng online,12: 04 | 25/03/2024,5.0
67,https://hasaki.vn/san-pham/combo-02-xit-khoang-la-roche-posay-lam-diu-va-bao-ve-da-50g-86309.html,"['995', '86309', '1001', '987', '118964']",86309,Linh Lan,"quá xịn xò, mua sale combo 3 chai*50g mà có 138k, shop ship lẹ làng, xịt đã ghia! thanks shop nha!",Combo 3 Xịt Khoáng La Roche-Posay Làm Dịu Và Bảo Vệ Da 50g Đã mua hàng online,13: 16 | 09/03/2024,5.0
68,https://hasaki.vn/san-pham/combo-02-xit-khoang-la-roche-posay-lam-diu-va-bao-ve-da-50g-86309.html,"['995', '86309', '1001', '987', '118964']",86309,Gia Hân,"Hơi k thích mùi của sp nhưng về tác dụng thì thấy ok, có cảm giác được cấp ẩm tức thì, thoáng và rất nhẹ mặt. Size mini khá tiện để mang theo ra ngoài",[Mini] Xịt Khoáng La Roche-Posay Làm Dịu Và Bảo Vệ Da 50g Đã mua hàng online,14: 31 | 15/09/2023,5.0
69,https://hasaki.vn/san-pham/combo-02-xit-khoang-la-roche-posay-lam-diu-va-bao-ve-da-50g-86309.html,"['995', '86309', '1001', '987', '118964']",86309,Nguyễn Trương Trà My,chai này bao nhiêu ml vậy ạ ???,Xịt Khoáng La Roche-Posay Làm Dịu Và Bảo Vệ Da 300g Đã mua hàng online,14: 20 | 01/03/2022,5.0
70,https://hasaki.vn/san-pham/combo-02-xit-khoang-la-roche-posay-lam-diu-va-bao-ve-da-50g-86309.html,"['995', '86309', '1001', '987', '118964']",86309,Trúc Giang Nguyễn,"Mình đã mua 2 chai lớn loại này rồi, mà mỗi lần dùng gần hết ( còn khoảng 50-100ml) là vòi xịt lại có vấn đề không xịt được nữa , nên khá tiếc",Xịt Khoáng La Roche-Posay Làm Dịu Và Bảo Vệ Da 300g Đã mua hàng online,17: 42 | 26/12/2021,3.0
71,https://hasaki.vn/san-pham/combo-02-xit-khoang-la-roche-posay-lam-diu-va-bao-ve-da-50g-86309.html,"['995', '86309', '1001', '987', '118964']",86309,Nguyễn Trọng Thanh,"Sản phẩm tổt, đóng gói đẹp",Xịt Khoáng La Roche-Posay Làm Dịu Và Bảo Vệ Da 150g Đã mua hàng online,11: 28 | 26/10/2021,5.0
72,https://hasaki.vn/san-pham/combo-02-xit-khoang-la-roche-posay-lam-diu-va-bao-ve-da-50g-86309.html,"['995', '86309', '1001', '987', '118964']",86309,Ánh Xuân,Mua kem được tặng kèm xịt ă. Nói chung với sản phẩm này thì mình thấy bình thường thôi hay tại mình không có thói quen dùng xịt khoáng nhĩ.,Xịt Khoáng La Roche-Posay Làm Dịu Và Bảo Vệ Da 50g Đã mua hàng online,08: 23 | 22/06/2021,4.0
73,https://hasaki.vn/san-pham/combo-02-xit-khoang-la-roche-posay-lam-diu-va-bao-ve-da-50g-86309.html,"['995', '86309', '1001', '987', '118964']",86309,Hoàng Ánh,"sản phẩm tốt , không gây kích ứng ,vòi xịt khá ok , sài 2 chai rùi , không muốn đổi sang loại khác",Xịt Khoáng La Roche-Posay Làm Dịu Và Bảo Vệ Da 50g Đã mua hàng online,22: 42 | 31/07/2020,5.0
74,https://hasaki.vn/san-pham/combo-02-xit-khoang-la-roche-posay-lam-diu-va-bao-ve-da-50g-86309.html,"['995', '86309', '1001', '987', '118964']",86309,chị TRẦN NGỌC HIẾU,,Combo 02 Xịt Khoáng La Roche-Posay Làm Dịu Và Bảo Vệ Da 50g,18: 41 | 29/03/2020,5.0
75,https://hasaki.vn/san-pham/bb-chong-nang-trang-diem-d-program-tong-tu-nhien-30ml-98769.html,"['98769', '98771']",98769,Tiên Như,Rất ok mỏng nhẹ. Lớp trang điểm mịn lì 12h,BB Chống Nắng Trang Điểm d program Tông Sáng 30ml Đã mua hàng online,17: 27 | 16/11/2023,5.0
76,https://hasaki.vn/san-pham/bb-chong-nang-trang-diem-d-program-tong-tu-nhien-30ml-98769.html,"['98769', '98771']",98769,Vi Vi,Sp này xài dễ lên mụn ẩn nha. Da mình trước OK lắm xài này tầm nữa tháng da sần lên hết,BB Chống Nắng Trang Điểm d program Tông Sáng 30ml Đã mua hàng online,03: 42 | 16/07/2022,3.0
77,https://hasaki.vn/san-pham/nuoc-hoa-hong-cocoon-chiet-xuat-tu-nghe-hung-yen-310ml-101937.html,"['94275', '101937']",101937,Võ Bảo Quyên,Sài cấp ẩm ổn có aha nên sẽ đẩy mụn ẩn nhiều còn trắng da không thấy mua thấy sài cho zui chứ tác dụng thì ko rõ,Nước Hoa Hồng Cocoon Chiết Xuất Từ Nghệ Hưng Yên 310ml Đã mua hàng online,12: 35 | 02/06/2023,3.0
78,https://hasaki.vn/san-pham/nuoc-hoa-hong-cocoon-chiet-xuat-tu-nghe-hung-yen-310ml-101937.html,"['94275', '101937']",101937,Nguyễn Hiền,"toner nghệ dùng dưỡng ẩm và làm sạch rất tốt, sau rửa mặt dùng toner vẫn còn thấy bông tẩy trang còn dơ xíu.",Nước Hoa Hồng Cocoon Chiết Xuất Từ Nghệ Hưng Yên 310ml Đã mua hàng online,10: 24 | 09/03/2023,5.0
79,https://hasaki.vn/san-pham/nuoc-hoa-hong-cocoon-chiet-xuat-tu-nghe-hung-yen-310ml-101937.html,"['94275', '101937']",101937,Ái Nhi,"mình rất là thích mùi nghệ của em toner này. chứ dùng chưa thấy hiệu quả giảm thâm. AHa có hỗ trợ đẩy mụn nhỉ, nhung mình thấy mụn ẩn của mình y nguyên hà ko nổi lên. nhìn chung là em này làm tốt việc cấp ẩm rất nhẹ cho da sau rửa mặt, và mùi hương rất dễ chịu.",Nước Hoa Hồng Cocoon Chiết Xuất Từ Nghệ Hưng Yên 140ml Đã mua hàng online,00: 08 | 08/08/2022,4.0
80,https://hasaki.vn/san-pham/nuoc-hoa-hong-cocoon-chiet-xuat-tu-nghe-hung-yen-310ml-101937.html,"['94275', '101937']",101937,Hồ Hoàng Thanh Liên,"Sản phẩm tốt, thấy mờ thâm 1 xíu, nghe mùi nghệ với cấp ẩm 1 ít",Nước Hoa Hồng Cocoon Chiết Xuất Từ Nghệ Hưng Yên 140ml Đã mua hàng online,16: 00 | 10/12/2021,5.0
81,https://hasaki.vn/san-pham/nuoc-hoa-hong-cocoon-chiet-xuat-tu-nghe-hung-yen-310ml-101937.html,"['94275', '101937']",101937,Hải đăng Nguyễn hoàng,"Hương dễ chịu nghe tự nhiên, Sài lên khá mượt và khá ẩm, còn có AHA 5% mà chủ yếu là lactic acid nên cx tẩy da chết nhẹ nhàng, Sài lần đầu ko châm chít chút nào",Nước Hoa Hồng Cocoon Chiết Xuất Từ Nghệ Hưng Yên 140ml,21: 16 | 09/04/2021,5.0
82,https://hasaki.vn/san-pham/nuoc-hoa-hong-cocoon-chiet-xuat-tu-nghe-hung-yen-310ml-101937.html,"['94275', '101937']",101937,Thư,"Giá tiền phù hợp. Mùi rất thiên nhiên thư giãn . Ngoài ra thì mình thấy ẩm da hơn loại toner bí đao, vừa rửa mặt rồi vào apply ngay thì sẽ thấy được làm dịu bớt căng mặt hẳn .",Nước Hoa Hồng Cocoon Chiết Xuất Từ Nghệ Hưng Yên 140ml Đã mua hàng online,23: 15 | 05/04/2021,4.0
83,https://hasaki.vn/san-pham/sua-rua-mat-biore-sach-mun-khang-khuan-100g-76318.html,"['62385', '78810', '78808', '76318']",76318,Ngọc Lụa,bọt nhiều (sạch da),Sữa Rửa Mặt Bioré Thanh Lọc Da - Sạch Nhờn 100g Đã mua hàng online,09: 29 | 31/01/2023,5.0
84,https://hasaki.vn/san-pham/sua-rua-mat-biore-sach-mun-khang-khuan-100g-76318.html,"['62385', '78810', '78808', '76318']",76318,Ngọc Oanh,Rất hài lòng,Sữa Rửa Mặt Bioré Sáng Mịn & Dưỡng Ẩm 100g Đã mua hàng online,12: 00 | 15/11/2021,5.0
85,https://hasaki.vn/san-pham/sua-rua-mat-biore-sach-mun-khang-khuan-100g-76318.html,"['62385', '78810', '78808', '76318']",76318,Linh K Pham,ngày trc mình bỏ dùng srm biore vì làm khô da. bây h thấy loại này ghi là chứa serum dưỡng da nên dùng thử. đúng là sạch mà ko bị khô da như loại ngày xưa nữa,Sữa Rửa Mặt Bioré Sáng Mịn & Dưỡng Ẩm 100g Đã mua hàng online,18: 45 | 17/01/2021,5.0
86,https://hasaki.vn/san-pham/sua-rua-mat-biore-sach-mun-khang-khuan-100g-76318.html,"['62385', '78810', '78808', '76318']",76318,Kim Duyên,"Sữa Rửa Mặt Bioré Sáng Mịn & Dưỡng Ẩm 100g , hàng rất ok tốt, giá hợp lý",Đã mua hàng online,12: 45 | 07/07/2020,5.0
87,https://hasaki.vn/san-pham/sua-rua-mat-biore-sach-mun-khang-khuan-100g-76318.html,"['62385', '78810', '78808', '76318']",76318,khanh,sản phẩm tốt rửa xong rất mềm da nhưng có đều có chứa thành phần paraben,Sữa Rửa Mặt Bioré Sạch Nhờn & Lỗ Chân Lông Nhỏ Mịn 100g Đã mua hàng online,21: 50 | 02/04/2020,4.0
88,https://hasaki.vn/san-pham/sua-rua-mat-biore-sach-mun-khang-khuan-100g-76318.html,"['62385', '78810', '78808', '76318']",76318,Thu Duyên Nguyễn,Sản phẩm ổn cả về giá cả và chất lượng. Mình rất thích loại này vì rửa sạch và mùi dịu nhẹ!,"Sữa Rửa Mặt Bioré Sạch Nhờn, Hỗ Trợ Se Lỗ Chân Lông 100ml Đã mua hàng online",19: 55 | 21/04/2019,4.0
89,https://hasaki.vn/san-pham/gel-duong-acnes-giam-mun-dau-trang-va-mun-dau-den-9g-69872.html,"['69878', '69872']",69872,Tuan Nguyen,,Gel Dưỡng Acnes Giảm Mụn Đầu Trắng Và Mụn Đầu Đen 18g Đã mua hàng online,22: 00 | 17/03/2023,5.0
90,https://hasaki.vn/san-pham/gel-duong-acnes-giam-mun-dau-trang-va-mun-dau-den-9g-69872.html,"['69878', '69872']",69872,Parsley,"cũng BHA sulfur nồng độ bài bản mà chỉ giảm sưng chút xíu còn cục mụn vẫn cứng cứng ra đấy, hay là chỉ hiệu quả cho vài loại mụn nhất định nhỉ",Gel Dưỡng Acnes Giảm Mụn Đầu Trắng Và Mụn Đầu Đen 18g Đã mua hàng online,15: 54 | 27/07/2022,3.0
91,https://hasaki.vn/san-pham/gel-duong-acnes-giam-mun-dau-trang-va-mun-dau-den-9g-69872.html,"['69878', '69872']",69872,Hồng Phượng,Khá hài lòng,"Gel Dưỡng Acnes Kháng Khuẩn, Ngăn Ngừa & Giảm Mụn 18g Đã mua hàng online",11: 49 | 17/03/2022,5.0
92,https://hasaki.vn/san-pham/gel-duong-acnes-giam-mun-dau-trang-va-mun-dau-den-9g-69872.html,"['69878', '69872']",69872,Bé Lén,Dùng thấy là khá ổn,"Gel Dưỡng Acnes Kháng Khuẩn, Ngăn Ngừa & Giảm Mụn 18g Đã mua hàng online",12: 33 | 09/01/2022,4.0
93,https://hasaki.vn/san-pham/mat-na-duong-da-some-by-mi-tram-tra-lam-diu-da-mun-20g-98033.html,"['98031', '98021', '98035', '98033', '98027', '98025', '98037', '98019', '98029', '98023']",98033,loiloi,"thử biết bao mặt nạ peptide, b5 thì vẫn quay về với e some by mi rau má thôi. Lành tính, thuần chay, dịu đỏ, dưỡng chất vừa đủ không bị nhễ nhại như những loại khác 10₫₫₫₫","Mặt Nạ Dưỡng Da Some By Mi Cica Giảm Kích Ứng, Dịu Da 20g",21: 32 | 11/03/2024,5.0
94,https://hasaki.vn/san-pham/mat-na-duong-da-some-by-mi-tram-tra-lam-diu-da-mun-20g-98033.html,"['98031', '98021', '98035', '98033', '98027', '98025', '98037', '98019', '98029', '98023']",98033,Nguyễn giang trúc,"rít mặt nên đắp xomg phải lau lại rôid dùng dưỡng sau đó. tuy nhiên mask khá tốt, đắp xong ko bị kích ứng gì cả...",Mặt Nạ Dưỡng Da Some By Mi Hyaluronic Acid Cấp Nước 20g Đã mua hàng online,23: 05 | 17/07/2023,4.0
95,https://hasaki.vn/san-pham/mat-na-duong-da-some-by-mi-tram-tra-lam-diu-da-mun-20g-98033.html,"['98031', '98021', '98035', '98033', '98027', '98025', '98037', '98019', '98029', '98023']",98033,Quynh Anh,đắp xong da mặt mịn màng mà nó còn giảm bớt dầu nữa,Mặt Nạ Dưỡng Da Some By Mi Tràm Trà Làm Dịu Da Mụn 20g Đã mua hàng online,14: 09 | 19/03/2023,5.0
96,https://hasaki.vn/san-pham/mat-na-duong-da-some-by-mi-tram-tra-lam-diu-da-mun-20g-98033.html,"['98031', '98021', '98035', '98033', '98027', '98025', '98037', '98019', '98029', '98023']",98033,C CẨM TÚ,"Cực kì ưng dòng này luôn, mặt bị nổi mụn sưng đắp xong cái qua ngày sau dịu lại liền. Da mình hay bị sần sần đắp ẻm cái trộm día mướt mát liền nên thử nha mn",Mặt Nạ Dưỡng Da Some By Mi AHA-BHA-PHA Tẩy Tế Bào Chết 20g Đã mua hàng online,01: 15 | 05/08/2022,5.0
97,https://hasaki.vn/san-pham/mat-na-duong-da-some-by-mi-tram-tra-lam-diu-da-mun-20g-98033.html,"['98031', '98021', '98035', '98033', '98027', '98025', '98037', '98019', '98029', '98023']",98033,Nguyễn Vi,"Mask này làm dịu da ổn áp á mn. Da t đang có tình trạng mụn nhẹ, đắp xong qua hôm sau là mụn lặn bớt, tình trạng đỏ da cũng giảm đáng kể. Chốt đơn","Mặt Nạ Dưỡng Da Some By Mi Cica Giảm Kích Ứng, Dịu Da 20g Đã mua hàng online",12: 59 | 25/04/2022,5.0
98,https://hasaki.vn/san-pham/mat-na-duong-da-some-by-mi-tram-tra-lam-diu-da-mun-20g-98033.html,"['98031', '98021', '98035', '98033', '98027', '98025', '98037', '98019', '98029', '98023']",98033,nguyen hong ngoc thuy,"mask đắp đã, dùng xong chừng 2 ngày cục mụn có thể nặn luôn :vvv",Mặt Nạ Dưỡng Da Some By Mi AHA-BHA-PHA Tẩy Tế Bào Chết 20g Đã mua hàng online,00: 27 | 28/02/2022,5.0
99,https://hasaki.vn/san-pham/mat-na-duong-da-some-by-mi-tram-tra-lam-diu-da-mun-20g-98033.html,"['98031', '98021', '98035', '98033', '98027', '98025', '98037', '98019', '98029', '98023']",98033,DÂNG,Trời ơi là trời!!!!!! Xài xong cái mask real vitamin C. Mặt tone sáng dữ dội,Mặt Nạ Dưỡng Da Some By Mi Vitamin C Làm Sáng Da 20g Đã mua hàng online,18: 20 | 20/12/2021,5.0
100,https://hasaki.vn/san-pham/sua-rua-mat-senz-chiet-xuat-cam-gao-duong-sang-da-150ml-104955.html,"['104955', '104931', '104957', '104941', '104943', '104949']",104955,Bích Trâm,"Hàng được tặng mà xài mê quá, sữa rửa mặt này có mùi rất thơm ngon :”> bảng thành phần mình rất thích, thoa lên mặt chất kem trắng như mặt nạ, mát xa rất đã. Chất kem cũng dễ rửa trôi nữa, rửa mặt xong thấy mặt trắng hẳn ra luôn, đã tìm được sữa rửa mặt chân ái ❤️",Sữa Rửa Mặt Senz Chiết Xuất Cám Gạo Dưỡng Sáng Da 30ml Đã mua hàng online,09: 51 | 10/09/2023,5.0
101,https://hasaki.vn/san-pham/sua-rua-mat-senz-chiet-xuat-cam-gao-duong-sang-da-150ml-104955.html,"['104955', '104931', '104957', '104941', '104943', '104949']",104955,Vũ thị hoa,Chân ái là đây chứ đâu. Srm dùng thích. Mát lạnh. Lành tính. Rửa xong không bị khô da. Ko nói nhiều. 10 điểm,Gel Rửa Mặt Senz Từ Khổ Qua Thu Nhỏ Lỗ Chân Lông 150ml Đã mua hàng online,12: 10 | 26/08/2023,5.0
102,https://hasaki.vn/san-pham/sua-rua-mat-senz-chiet-xuat-cam-gao-duong-sang-da-150ml-104955.html,"['104955', '104931', '104957', '104941', '104943', '104949']",104955,Tường Vy,"Nắp đậy cảm giác không kín, Sem thì sài Ok",Gel Rửa Mặt Senz Từ Khổ Qua Thu Nhỏ Lỗ Chân Lông 30ml Đã mua hàng online,18: 23 | 23/08/2023,3.0
103,https://hasaki.vn/san-pham/sua-rua-mat-senz-chiet-xuat-cam-gao-duong-sang-da-150ml-104955.html,"['104955', '104931', '104957', '104941', '104943', '104949']",104955,Ngoc Ly Mai Tuyet,"T mua sp này sau khi sài xong loại có BHA, chất lượng tương tự nhưng khác là kem trắng, nhưng tui vẫn siêu thích. Này hợp hơn cho da kích ứng cần phục hồi. 10đ",Gel Rửa Mặt Senz Chiết Xuất Trà Xanh Cấp Ẩm Sâu 150ml Đã mua hàng online,20: 05 | 18/08/2023,5.0
104,https://hasaki.vn/san-pham/sua-rua-mat-senz-chiet-xuat-cam-gao-duong-sang-da-150ml-104955.html,"['104955', '104931', '104957', '104941', '104943', '104949']",104955,Ngoc Ly Mai Tuyet,"10đ ko nói nhiều, chân ái, chân ái đây rồi. Cả đời t chưa từng sài srm nào mà sài xong mà đó đã như vậy. T ngứa muốn banh mặt sài xong nó mát. T từng nghĩ rằng simple đã nhẹ dịu rồi ko nha mấy má. T sài con này xong, t thề là ko khô 1 chút nào lun mặc dù t da khô. T chân thành cảm ơn nhà nghiên cứu srm này, t rcm nhiệt tình lun. T ko PR cái gì hết, t thề là việc ko mua srm này sớm hơn khiến t hối hận. T kêu cả bạn bè t mua hết.",Gel Rửa Mặt Senz Từ Khổ Qua Thu Nhỏ Lỗ Chân Lông 150ml Đã mua hàng online,18: 44 | 09/08/2023,5.0
105,https://hasaki.vn/san-pham/sua-rua-mat-senz-chiet-xuat-cam-gao-duong-sang-da-150ml-104955.html,"['104955', '104931', '104957', '104941', '104943', '104949']",104955,Lê trang,"Rửa thích thật sự,sạch mà ko bị khô da",Gel Rửa Mặt Senz Chiết Xuất Trà Xanh Cấp Ẩm Sâu 30ml Đã mua hàng online,08: 30 | 25/07/2023,5.0
106,https://hasaki.vn/san-pham/sua-rua-mat-senz-chiet-xuat-cam-gao-duong-sang-da-150ml-104955.html,"['104955', '104931', '104957', '104941', '104943', '104949']",104955,Nguyễn Phạm Anh Thư,Da mình hhtd bị mụn nhẹ mà dùng em này ưng lắm nhaa Sạch mát mà ko bị khô căng Mùi dễ chịu nữa,Gel Rửa Mặt Senz Từ Khổ Qua Thu Nhỏ Lỗ Chân Lông 150ml Đã mua hàng online,18: 48 | 13/04/2023,5.0
107,https://hasaki.vn/san-pham/sua-rua-mat-senz-chiet-xuat-cam-gao-duong-sang-da-150ml-104955.html,"['104955', '104931', '104957', '104941', '104943', '104949']",104955,Phan Thu Thủy,"da bị mụn mủ nặng mà rửa cái này một hôm thấy dịu nhẹ, mấy đầu mụn se dần lại, thấy ổn sẽ quay lại ủng hộ. nhược điểm chỗ lấy srm hơi lớn dễ bị bóp ra nhiều khó tiết kiệm sp",Gel Rửa Mặt Senz Chiết Xuất Trà Xanh Cấp Ẩm Sâu 150ml Đã mua hàng online,16: 09 | 08/04/2023,5.0
108,https://hasaki.vn/san-pham/sua-rua-mat-senz-chiet-xuat-cam-gao-duong-sang-da-150ml-104955.html,"['104955', '104931', '104957', '104941', '104943', '104949']",104955,Khưu Khả Vy,"Ưu điểm: Rửa mặt tương đối sạch, không bị khô căng da, mát lạnh da mặt hơi bị phê, không tạo bọt Nhược điểm: Chỗ lấy sp hơi to nên dễ bị tràn, không tiết kiệm lắm, nếu srm dính vào mắt thì hơi cay => Nên mua, sẽ ủng hộ lại vì hàng VN chất lượng cao",Sữa Rửa Mặt Senz Chiết Xuất Cám Gạo Dưỡng Sáng Da 30ml,23: 15 | 17/03/2023,5.0
109,https://hasaki.vn/san-pham/serum-chong-nang-sunplay-ngua-sam-nam-dang-tinh-chat-50g-107968.html,"['107966', '107968']",107968,San San,"Kem chống nắng với texture đẹp nhất của nhà sunplay mà mình từng dùng qua. Da hỗn hợp dầu thì dùng này là chân ái luôn có kiềm dầu nhưng vừa có độ ẩm vừa phải. Mỗi tội mình thấy ít shop bán quá, có hasaki thì cũng quá ít chi nhánh còn hàng. Mong hasaki nhập thêm về và kcn này được biết đến nhiều hơn. Trải nghiệm của mình với em này là 10/10 vừa không cay mắt vừa kháng nước. So với skinaqua tone up thì theo mình dòng này xài tốt hơn, rất hợp da hỗn hợp dầu.",Serum Chống Nắng Sunplay Ngừa Sạm Nám Dạng Sữa 50g Đã mua hàng online,10: 06 | 21/02/2024,5.0
110,https://hasaki.vn/san-pham/serum-chong-nang-sunplay-ngua-sam-nam-dang-tinh-chat-50g-107968.html,"['107966', '107968']",107968,ĐOÀN VĂN HÙNG,"phù hợp cho các bạn da dầu nhẹ hoặc da thường thích cảm giác mịn lì,thoáng mịn,kcn có màng lọc tuonhw đối ổn so với có Treatment nhẹ đô BHA AHA nia vô tư,kháng nước tạm ổnn,k bị vệt trắng sau khi apply k để lại cảm giác quá vón rít nặng mặt,ncl tạm ổn trong tầm giá và vượt trội hơn so với các dòng skin khác",Serum Chống Nắng Sunplay Ngừa Sạm Nám Dạng Sữa 50g,14: 03 | 22/09/2023,5.0
111,https://hasaki.vn/san-pham/serum-chong-nang-sunplay-ngua-sam-nam-dang-tinh-chat-50g-107968.html,"['107966', '107968']",107968,nguyễn thị nguyệt,"Bôi lên da cảm giác mỏng nhẹ, tệp vào da không để lại vết , kiềm dầu tốt, nâng tone đẹp, thử qua rất nhiều loại chống nắng nhưng loại này là ưng nhất, giá lại hợp lí , có điều mùi hơi nồng .",Serum Chống Nắng Sunplay Ngừa Sạm Nám Dạng Sữa 50g Đã mua hàng online,09: 35 | 07/09/2023,5.0
112,https://hasaki.vn/san-pham/serum-chong-nang-sunplay-ngua-sam-nam-dang-tinh-chat-50g-107968.html,"['107966', '107968']",107968,Rio,"Chống nắng dạng tinh chất, khi dùng thấm nhanh vào da mà không bị vệt trắng trên da, làm lót trước khi make up khá ok. Mùa nóng này mình dùng vẫn cảm giác không bị bí da",Serum Chống Nắng Sunplay Ngừa Sạm Nám Dạng Tinh Chất 50g Đã mua hàng online,20: 20 | 31/07/2023,5.0
113,https://hasaki.vn/san-pham/serum-chong-nang-sunplay-ngua-sam-nam-dang-tinh-chat-50g-107968.html,"['107966', '107968']",107968,Napy Mina,"Dùng nhiều loại chống nắng nhưng vẫn ưng ý em này nhất. Da mình thuộc tuýp da thường, cảm giác thoáng không bị bí lỗ chân lông. Mùi cũng dễ chịu không quá gắt. Đáng mua nha chị em",Serum Chống Nắng Sunplay Ngừa Sạm Nám Dạng Tinh Chất 50g Đã mua hàng online,18: 54 | 31/07/2023,5.0
114,https://hasaki.vn/san-pham/serum-chong-nang-sunplay-ngua-sam-nam-dang-tinh-chat-50g-107968.html,"['107966', '107968']",107968,Minh Anh Đặng,"Mỏng nhẹ mặt lắm, phù hợp với đứa ra đường chỉ thoa kem chống nắng và đánh miếng son như tui. Nâng tone nhẹ, ai thích tone tự nhiên thì tham khảo em này. Thấy nói thành phần dưỡng da serum nên cũng hi vọng càng dùng càng đẹp. Phù hợp cho mọi loại da nha",Serum Chống Nắng Sunplay Ngừa Sạm Nám Dạng Tinh Chất 50g Đã mua hàng online,12: 44 | 30/07/2023,5.0
115,https://hasaki.vn/san-pham/serum-chong-nang-sunplay-ngua-sam-nam-dang-tinh-chat-50g-107968.html,"['107966', '107968']",107968,Nguyễn Quế Chi,Lần đầu sử dụng chai này hog ngờ thành chân ái luôn,Serum Chống Nắng Sunplay Ngừa Sạm Nám Dạng Tinh Chất 50g Đã mua hàng online,12: 41 | 30/07/2023,5.0
116,https://hasaki.vn/san-pham/serum-chong-nang-sunplay-ngua-sam-nam-dang-tinh-chat-50g-107968.html,"['107966', '107968']",107968,Chang Ng,"Hasaki giao hàng siêu nhanh, đặt ship trong 2h là nhận được liền. Nâng tông nhẹ, tệp vào da, kết cấu lỏng thấm nhanh. Nói chung lần đầu sử dụng vậy là ưng bụng rồi",Serum Chống Nắng Sunplay Ngừa Sạm Nám Dạng Sữa 50g Đã mua hàng online,18: 12 | 28/07/2023,5.0
117,https://hasaki.vn/san-pham/serum-chong-nang-sunplay-ngua-sam-nam-dang-tinh-chat-50g-107968.html,"['107966', '107968']",107968,Phuong Anh,"sản phẩm tốt, mua cửa hàng được nhân viên tư vấn tận tình",Serum Chống Nắng Sunplay Ngừa Sạm Nám Dạng Tinh Chất 50g,13: 28 | 24/07/2023,5.0
118,https://hasaki.vn/san-pham/serum-chong-nang-sunplay-ngua-sam-nam-dang-tinh-chat-50g-107968.html,"['107966', '107968']",107968,võ thị huỳnh như,"Sáng mua trưa nhận được rồi. Mình mua dùng hàng ngày luôn chung với sp trắng da thì ổn áp nhen. Hè nóng mà bôi lên vẫn thấm nhanh, khô ráo, trắng tự nhiên kiểu hơi óng ánh dưới nắng nữa. Hợp da dầu nè",Serum Chống Nắng Sunplay Ngừa Sạm Nám Dạng Sữa 50g + Tặng Tẩy Trang 40ml Đã mua hàng online,21: 42 | 25/06/2023,5.0
119,https://hasaki.vn/san-pham/combo-5-mat-na-den-sexylook-duong-sang-da-28ml-97667.html,"['80247', '97667', '53728', '97665', '53698', '97669', '97663', '53716']",97667,CHỊ THẢO,"Dùng k biết bao nhiêu e này rồi, loại mặt nạ giấy duy nhất m dùng, dùng xong da căng sáng lên hẳn, làm dịu da kích ứng, mụn có xẹp đi, kể mà có dòng serum cho loại này thì tốt dùng hằng ngày đỡ tốn",Mặt Nạ Đen SEXYLOOK Kiểm Soát Dầu & Ngừa Mụn 28ml Đã mua hàng online,12: 55 | 24/10/2021,5.0
120,https://hasaki.vn/san-pham/combo-5-mat-na-den-sexylook-duong-sang-da-28ml-97667.html,"['80247', '97667', '53728', '97665', '53698', '97669', '97663', '53716']",97667,Châu Lê Thiên Hương,Mặt nạ của nhà sexy look là khỏi phải chê thơm mùi tràm trà và xịn nữa,Mặt Nạ Đen SEXYLOOK Kiểm Soát Dầu & Ngừa Mụn 28ml Đã mua hàng online,15: 00 | 02/08/2021,5.0
121,https://hasaki.vn/san-pham/combo-5-mat-na-den-sexylook-duong-sang-da-28ml-97667.html,"['80247', '97667', '53728', '97665', '53698', '97669', '97663', '53716']",97667,Nam Thương,"Ổn, da nhạy cảm dùng cũng không quá khó chịu",Mặt Nạ Đen SEXYLOOK Kiểm Soát Dầu & Ngừa Mụn 28ml Đã mua hàng online,00: 27 | 02/04/2021,4.0
122,https://hasaki.vn/san-pham/combo-5-mat-na-den-sexylook-duong-sang-da-28ml-97667.html,"['80247', '97667', '53728', '97665', '53698', '97669', '97663', '53716']",97667,Heo Mye,rất tốt. Duy trì đắp thì không cần xài treatment nặng đô gây khô hay bỏng da,Mặt Nạ Đen SEXYLOOK Kiểm Soát Dầu & Ngừa Mụn 28ml Đã mua hàng online,02: 04 | 17/03/2021,5.0
123,https://hasaki.vn/san-pham/combo-5-mat-na-den-sexylook-duong-sang-da-28ml-97667.html,"['80247', '97667', '53728', '97665', '53698', '97669', '97663', '53716']",97667,Kim Tuyền Đỗ,,Mặt Nạ Đen SEXYLOOK Kiểm Soát Dầu & Ngừa Mụn 28ml Đã mua hàng online,21: 51 | 15/03/2021,5.0
124,https://hasaki.vn/san-pham/combo-5-mat-na-den-sexylook-duong-sang-da-28ml-97667.html,"['80247', '97667', '53728', '97665', '53698', '97669', '97663', '53716']",97667,Chi TRuc,Xài cực thích dành da mụn. Đắp lên vừa ôm mặt k bị thừa hay thiếu đâu nè,Mặt Nạ Đen SEXYLOOK Kiểm Soát Dầu & Ngừa Mụn 28ml Đã mua hàng online,20: 59 | 03/03/2021,5.0
125,https://hasaki.vn/san-pham/kem-rua-mat-acnes-vitamin-100g-69914.html,"['69920', '69914']",69914,Kim Duyên,"Kem Rửa Mặt Acnes Vitamin 50g , hàng rất ok tốt, giá hợp lý",Đã mua hàng online,12: 45 | 07/07/2020,5.0
126,https://hasaki.vn/san-pham/mat-na-banobagi-duong-sang-nang-tong-da-30gx10-mieng-101465.html,"['104339', '101465', '104321', '100437', '100435', '104333', '104335', '100439', '104337', '104319', '101457', '104315', '100441', '100433', '101461', '104317', '104341', '101463', '101459', '104323']",101465,Huy,"dù là hay được so sánh với BNBG nhma mình thấy con này cấp ẩm không tốt bằng BNBG nhưng vẫn rất tốt trong tầm giá, với mình da dầu thì da đủ ẩm và thoải mái sau mấy ngày treat. 13k cho một cái mặt nạ thì không cần bàn cãi, 10/10",Mặt Nạ Banobagi Dưỡng Sáng Cấp Nước (Xanh Dương Đậm) 30g Đã mua hàng online,22: 14 | 27/03/2024,5.0
127,https://hasaki.vn/san-pham/mat-na-banobagi-duong-sang-nang-tong-da-30gx10-mieng-101465.html,"['104339', '101465', '104321', '100437', '100435', '104333', '104335', '100439', '104337', '104319', '101457', '104315', '100441', '100433', '101461', '104317', '104341', '101463', '101459', '104323']",101465,c mai phuong,"tinh chất khá nhiều, mặt nạ ôm sát mặt nhưng lúc đắp và đắp xong cảm giác cực kì thoải mái, không bị kích ứng, sáng hôm sau thấy da mướt hơn, sẽ mua 1 hộp 10 miếng để dùng",Mặt Nạ Banobagi Dưỡng Sáng Và Cấp Ẩm Cho Da 30g (Xanh) Đã mua hàng online,08: 55 | 15/01/2024,5.0
128,https://hasaki.vn/san-pham/mat-na-banobagi-duong-sang-nang-tong-da-30gx10-mieng-101465.html,"['104339', '101465', '104321', '100437', '100435', '104333', '104335', '100439', '104337', '104319', '101457', '104315', '100441', '100433', '101461', '104317', '104341', '101463', '101459', '104323']",101465,Kim Khánh Lê Thị,"ôm sát mặt, cấp ẩm tốt","Mặt Nạ Banobagi Dưỡng Sáng, Hỗ Trợ Nâng Cơ (Hồng) 30g",10: 24 | 27/09/2023,5.0
129,https://hasaki.vn/san-pham/mat-na-banobagi-duong-sang-nang-tong-da-30gx10-mieng-101465.html,"['104339', '101465', '104321', '100437', '100435', '104333', '104335', '100439', '104337', '104319', '101457', '104315', '100441', '100433', '101461', '104317', '104341', '101463', '101459', '104323']",101465,Nguyễn Thị Hồng Lan,"mới nhận hàng, dùng thử luôn tối qua, sản phẩm phải nói là xài cực kỳ thích luôn, mặt nạ này tinh chất rất đậm đặc và nhiều nữa, bôi xong da căng bóng mịn và mềm rất là thích. Sẽ mua dùng lại.",Mặt Nạ Banobagi Dưỡng Sáng Và Cấp Ẩm Cho Da 30g (Xanh) Đã mua hàng online,10: 24 | 11/07/2023,5.0
130,https://hasaki.vn/san-pham/mat-na-banobagi-duong-sang-nang-tong-da-30gx10-mieng-101465.html,"['104339', '101465', '104321', '100437', '100435', '104333', '104335', '100439', '104337', '104319', '101457', '104315', '100441', '100433', '101461', '104317', '104341', '101463', '101459', '104323']",101465,Suki Nguyen,,Mặt Nạ Banobagi Dưỡng Sáng Và Cấp Ẩm Cho Da 30g (Xanh) Đã mua hàng online,23: 37 | 01/07/2023,5.0
131,https://hasaki.vn/san-pham/mat-na-banobagi-duong-sang-nang-tong-da-30gx10-mieng-101465.html,"['104339', '101465', '104321', '100437', '100435', '104333', '104335', '100439', '104337', '104319', '101457', '104315', '100441', '100433', '101461', '104317', '104341', '101463', '101459', '104323']",101465,Uyen Nguyen,"Rất ok nha. Mình dùng lúc đi du lịch, phê quá ngủ quên ko dùng kem khoá ẩm luôn :)))) hsau dậy da vẫn đủ ẩm tha hồ makeup",Mặt Nạ Banobagi Dưỡng Sáng Và Cấp Ẩm Cho Da 30g (Xanh) Đã mua hàng online,20: 19 | 22/05/2023,5.0
132,https://hasaki.vn/san-pham/mat-na-banobagi-duong-sang-nang-tong-da-30gx10-mieng-101465.html,"['104339', '101465', '104321', '100437', '100435', '104333', '104335', '100439', '104337', '104319', '101457', '104315', '100441', '100433', '101461', '104317', '104341', '101463', '101459', '104323']",101465,Võ thị ánh tuyết,"Tinh chất đậm đặc, mùi thơm dịu nhẹ. Nói chung nên mua.",Mặt Nạ Banobagi Dưỡng Sáng Và Cấp Ẩm Cho Da 30g (Xanh) Đã mua hàng online,22: 44 | 26/04/2023,5.0
133,https://hasaki.vn/san-pham/mat-na-banobagi-duong-sang-nang-tong-da-30gx10-mieng-101465.html,"['104339', '101465', '104321', '100437', '100435', '104333', '104335', '100439', '104337', '104319', '101457', '104315', '100441', '100433', '101461', '104317', '104341', '101463', '101459', '104323']",101465,Huỳnh Linh,"dòng này texture có vẻ đặc hơn dòng kia, loại bông của mặt nạ cũng khác nhung mình thấy giá mềm hơn xíu nên chắc sẽ mua dòng này xài luôn, cùng là BNBG mà mình xài của hãng này cũng 4 năm rồi, ko còn mụn ẩn nữa luôn",Mặt Nạ Banobagi Dưỡng Sáng Và Cấp Ẩm Cho Da 30g (Xanh) Đã mua hàng online,20: 51 | 08/03/2023,5.0
134,https://hasaki.vn/san-pham/mat-na-banobagi-duong-sang-nang-tong-da-30gx10-mieng-101465.html,"['104339', '101465', '104321', '100437', '100435', '104333', '104335', '100439', '104337', '104319', '101457', '104315', '100441', '100433', '101461', '104317', '104341', '101463', '101459', '104323']",101465,ngọc tuyết,"mình sài loại cấp ẩm , chất khá đặt nhưng , rất nhiều tinh chất ,giá thành khá rẻ . Đợt mình bị mùa hanh khô , da bong tróc sần sùi khá nặng , mình đắp em này liên tục 5 ngày , da không còn sần sùi bong tróc nữa.",Mặt Nạ Banobagi Dưỡng Sáng Và Cấp Ẩm Cho Da 30g (Xanh) Đã mua hàng online,13: 36 | 16/11/2022,5.0
135,https://hasaki.vn/san-pham/mat-na-banobagi-duong-sang-nang-tong-da-30gx10-mieng-101465.html,"['104339', '101465', '104321', '100437', '100435', '104333', '104335', '100439', '104337', '104319', '101457', '104315', '100441', '100433', '101461', '104317', '104341', '101463', '101459', '104323']",101465,Như Quỳnh,"Mặt nạ hơi dày so với những phiên bản cũ ạ, tinh chất trong mặt nạ mình thấy dạng đặc như jelly vậy á, mọi người lấy tinh chất thoa lên mặt trc rồi đắp mask lên nha",Mặt Nạ Banobagi Dưỡng Sáng Và Chăm Sóc Da Mụn 30g (Hồng) Đã mua hàng online,22: 13 | 08/11/2022,4.0
136,https://hasaki.vn/san-pham/xit-khoang-tra-xanh-cap-nuoc-ngan-ngua-mun-milaganics-100ml-72882.html,"['72510', '72884', '72886', '72882']",72882,Lương Thị Ngọc Hân,"lâu rồi mới có lớp nền mượt, do cấp ẩm tốt nha","Xịt Khoáng Milaganics Trà Xanh Cấp Nước, Ngừa Mụn 100ml Đã mua hàng online",23: 00 | 26/09/2023,5.0
137,https://hasaki.vn/san-pham/xit-khoang-tra-xanh-cap-nuoc-ngan-ngua-mun-milaganics-100ml-72882.html,"['72510', '72884', '72886', '72882']",72882,HỒ NGUYỄN XUÂN AN,mình có dùng với kda Neutrogena và sr balance và có giảm mụn ẩn. còn chai này mình chỉ dùng cấp ẩm và chắc có hỗ trợ giảm mụn á nhưng đừng mong đợi quá,"Xịt Khoáng Milaganics Trà Xanh Cấp Nước, Ngừa Mụn 100ml Đã mua hàng online",23: 26 | 02/08/2023,4.0
138,https://hasaki.vn/san-pham/xit-khoang-tra-xanh-cap-nuoc-ngan-ngua-mun-milaganics-100ml-72882.html,"['72510', '72884', '72886', '72882']",72882,TIẾN ĐẠT,,"Xịt Khoáng Milaganics Trà Xanh Cấp Nước, Ngừa Mụn 100ml Đã mua hàng online",15: 26 | 30/07/2023,4.0
139,https://hasaki.vn/san-pham/xit-khoang-tra-xanh-cap-nuoc-ngan-ngua-mun-milaganics-100ml-72882.html,"['72510', '72884', '72886', '72882']",72882,Hien Anh To,Oki lắm. Đối với mình có giảm mụn nhaa mng. Xịt đều thì mặt trông sáng hơn và đỡ nguy cơ lên mụn hơn,"Xịt Khoáng Milaganics Trà Xanh Cấp Nước, Ngừa Mụn 100ml",00: 28 | 07/01/2023,5.0
140,https://hasaki.vn/san-pham/xit-khoang-tra-xanh-cap-nuoc-ngan-ngua-mun-milaganics-100ml-72882.html,"['72510', '72884', '72886', '72882']",72882,Ngoc Phuong Kieu,"xịt cũng bình thường giảm mụn thì ko có thần thánh như thế, kiềm dầu thì ko luôn mặt vẫn đổ dầu xịt cho mát thôi.","Xịt Khoáng Milaganics Trà Xanh Cấp Nước, Ngừa Mụn 100ml Đã mua hàng online",22: 57 | 23/08/2022,4.0
141,https://hasaki.vn/san-pham/xit-khoang-tra-xanh-cap-nuoc-ngan-ngua-mun-milaganics-100ml-72882.html,"['72510', '72884', '72886', '72882']",72882,Vien Duy Dang Vo,"Mình dùng xịt khoáng trà xanh (được 1 chị tư vấn dùng). Giảm mụn và vết thâm khá rõ khi sử dụng mỗi ngày (sau khi rửa mặt sạch bằng srm mình xịt dung dịch lên bông tẩy trang và lau tiếp mặt 1 lần nữa). Mình nghĩ cách này hiệu quả với mình. Mùi dễ chịu, da dùng xong cảm giác rất ổn. Đã đặt hàng tiếp.","Xịt Khoáng Trà Xanh Cấp Nước, Ngăn Ngừa Mụn Milaganics 100ml Đã mua hàng online",08: 41 | 12/03/2020,4.0
142,https://hasaki.vn/san-pham/combo-2-mat-na-skin1004-lam-diu-ngua-mun-tu-rau-ma-25ml-111047.html,"['89461', '111047']",111047,Huỳnh Hân,Mặt nạ này rất OK,"Mặt Nạ Skin1004 Làm Dịu, Ngừa Mụn Chiết Xuất Rau Má 25ml Đã mua hàng online",08: 08 | 11/03/2023,5.0
143,https://hasaki.vn/san-pham/combo-2-mat-na-skin1004-lam-diu-ngua-mun-tu-rau-ma-25ml-111047.html,"['89461', '111047']",111047,ĐỖ LÊ PHÚC HƯNG THỊNH,Mình hay dùng loại này mỗi khi sau nặng mụn. Đắp xong các chỗ nặng giảm sưng đỏ hẳn. Chỗ mụn nặng ít bị viêm mũ. Rất có hiệu quả kháng viêm nhé! Mọi người nêm thử,"Mặt Nạ Skin1004 Làm Dịu, Ngừa Mụn Chiết Xuất Rau Má 25ml Đã mua hàng online",22: 51 | 22/09/2022,5.0
144,https://hasaki.vn/san-pham/combo-2-mat-na-skin1004-lam-diu-ngua-mun-tu-rau-ma-25ml-111047.html,"['89461', '111047']",111047,Trần Anh Thư,"Mặt nạ đắp xong cảm thấy da mịn hẳn, mát với không bị khô da. Sẽ mua lại nhé","Mặt Nạ Skin1004 Làm Dịu, Ngừa Mụn Chiết Xuất Rau Má 25ml",11: 41 | 01/05/2022,5.0
145,https://hasaki.vn/san-pham/combo-2-mat-na-skin1004-lam-diu-ngua-mun-tu-rau-ma-25ml-111047.html,"['89461', '111047']",111047,Nam Thương,"Tốt, mát sáng da nhưng da nhạy cảm xài vẫn chưa thoải mái hằn","Mặt Nạ Skin1004 Làm Dịu, Ngừa Mụn Chiết Xuất Rau Má 25ml Đã mua hàng online",00: 35 | 02/04/2021,4.0
146,https://hasaki.vn/san-pham/combo-2-mat-na-skin1004-lam-diu-ngua-mun-tu-rau-ma-25ml-111047.html,"['89461', '111047']",111047,Quỳnh chi,mua lần 2 nữa nè lần kia quên viết đánh giá khá là ok khi nặn mụn xong đấp vào da dịu nhẹ lại,"Mặt Nạ Skin1004 Làm Dịu, Ngừa Mụn Chiết Xuất Rau Má 25ml Đã mua hàng online",16: 43 | 03/02/2021,5.0
147,https://hasaki.vn/san-pham/combo-2-mat-na-skin1004-lam-diu-ngua-mun-tu-rau-ma-25ml-111047.html,"['89461', '111047']",111047,Kim Duyên,"Mặt Nạ Skin1004 Làm Dịu, Ngừa Mụn Chiết Xuất Rau Má 25ml , hàng rất ok tốt, giá hợp lý",Đã mua hàng online,12: 45 | 07/07/2020,5.0
148,https://hasaki.vn/san-pham/combo-2-xit-khoang-jonzac-cung-cap-nuoc-duong-am-da-300ml-100049.html,"['100049', '77109']",100049,C.MY,"Tia xịt mịn, nhỏ , chất lượng thì quá ok, sử dụng xong da mềm mượt rất thích , làm dịu tốt","Xịt Khoáng JONZAC Cung Cấp Nước, Dưỡng Ẩm Da 300ml Đã mua hàng online",16: 29 | 28/12/2022,5.0
149,https://hasaki.vn/san-pham/combo-2-xit-khoang-jonzac-cung-cap-nuoc-duong-am-da-300ml-100049.html,"['100049', '77109']",100049,Bichtram Nguyen,mong Hasaki về thêm sữa rửa mặt và tẩy trang jonzac,"Xịt Khoáng JONZAC Cung Cấp Nước, Dưỡng Ẩm Da 300ml Đã mua hàng online",15: 59 | 06/02/2022,4.0
150,https://hasaki.vn/san-pham/combo-2-xit-khoang-jonzac-cung-cap-nuoc-duong-am-da-300ml-100049.html,"['100049', '77109']",100049,Kim Duyên,"Xịt Khoáng Cấp Nước Dưỡng Ẩm JONZAC 300ml , hàng rất ok tốt, giá hợp lý",Đã mua hàng online,12: 45 | 07/07/2020,5.0
